dfunc,median,hpd_lower,hpd_upper
Exponential,0.9127711073514333,0.5744903846153846,1.0
Hyperbolic,0.9042814021915584,0.5692053571428572,1.0
ModifiedRachlin,0.905362087673611,0.5668728632478632,1.0
Hyperboloid,0.9077851437305386,0.5592190909090909,0.9967495454545452
